insert into known_room(version, id,id,name,known_area) values (1, 1,'Eula','Lane','eula.lane@jigrormo.ye')
insert into known_room(version, id,id,name,known_area) values (1, 2,'Barry','Rodriquez','barry.rodriquez@zun.mm')
insert into known_room(version, id,id,name,known_area) values (1, 3,'Eugenia','Selvi','eugenia.selvi@capfad.vn')
insert into known_room(version, id,id,name,known_area) values (1, 4,'Alejandro','Miles','alejandro.miles@dec.bn')
insert into known_room(version, id,id,name,known_area) values (1, 5,'Cora','Tesi','cora.tesi@bivo.yt')
insert into known_room(version, id,id,name,known_area) values (1, 6,'Marguerite','Ishii','marguerite.ishii@judbilo.gn')
insert into known_room(version, id,id,name,known_area) values (1, 7,'Mildred','Jacobs','mildred.jacobs@joraf.wf')
insert into known_room(version, id,id,name,known_area) values (1, 8,'Gene','Goodman','gene.goodman@kem.tl')
insert into known_room(version, id,id,name,known_area) values (1, 9,'Lettie','Bennett','lettie.bennett@odeter.bb')
insert into known_room(version, id,id,name,known_area) values (1, 10,'Mabel','Leach','mabel.leach@lisohuje.vi')
insert into known_room(version, id,id,name,known_area) values (1, 11,'Jordan','Miccinesi','jordan.miccinesi@duod.gy')
insert into known_room(version, id,id,name,known_area) values (1, 12,'Marie','Parkes','marie.parkes@nowufpus.ph')
insert into known_room(version, id,id,name,known_area) values (1, 13,'Rose','Gray','rose.gray@kagu.hr')
insert into known_room(version, id,id,name,known_area) values (1, 14,'Garrett','Stokes','garrett.stokes@fef.bg')
insert into known_room(version, id,id,name,known_area) values (1, 15,'Barbara','Matthieu','barbara.matthieu@derwogi.jm')
insert into known_room(version, id,id,name,known_area) values (1, 16,'Jean','Rhodes','jean.rhodes@wehovuce.gu')
insert into known_room(version, id,id,name,known_area) values (1, 17,'Jack','Romoli','jack.romoli@zamum.bw')
insert into known_room(version, id,id,name,known_area) values (1, 18,'Pearl','Holden','pearl.holden@dunebuh.cr')
insert into known_room(version, id,id,name,known_area) values (1, 19,'Belle','Montero','belle.montero@repiwid.si')
insert into known_room(version, id,id,name,known_area) values (1, 20,'Olive','Molina','olive.molina@razuppa.ga')
insert into known_room(version, id,id,name,known_area) values (1, 21,'Minerva','Todd','minerva.todd@kulmenim.ad')
insert into known_room(version, id,id,name,known_area) values (1, 22,'Bobby','Pearson','bobby.pearson@ib.kg')
insert into known_room(version, id,id,name,known_area) values (1, 23,'Larry','Ciappi','larry.ciappi@ba.lk')
insert into known_room(version, id,id,name,known_area) values (1, 24,'Ronnie','Salucci','ronnie.salucci@tohhij.lv')
insert into known_room(version, id,id,name,known_area) values (1, 25,'Walter','Grossi','walter.grossi@tuvo.sa')
insert into known_room(version, id,id,name,known_area) values (1, 26,'Frances','Koopmans','frances.koopmans@foga.tw')
insert into known_room(version, id,id,name,known_area) values (1, 27,'Frances','Fujimoto','frances.fujimoto@uswuzzub.jp')
insert into known_room(version, id,id,name,known_area) values (1, 28,'Olivia','Vidal','olivia.vidal@hivwerip.vc')
insert into known_room(version, id,id,name,known_area) values (1, 29,'Edna','Henry','edna.henry@gugusu.rw')
insert into known_room(version, id,id,name,known_area) values (1, 30,'Lydia','Brun','lydia.brun@zedekak.md')
insert into known_room(version, id,id,name,known_area) values (1, 31,'Jay','Blake','jay.blake@ral.mk')
insert into known_room(version, id,id,name,known_area) values (1, 32,'Isabel','Serafini','isabel.serafini@turuhu.bh')
insert into known_room(version, id,id,name,known_area) values (1, 33,'Rebecca','Carter','rebecca.carter@omjo.et')
insert into known_room(version, id,id,name,known_area) values (1, 34,'Maurice','Fabbrini','maurice.fabbrini@rig.bh')
insert into known_room(version, id,id,name,known_area) values (1, 35,'Ollie','Turnbull','ollie.turnbull@sicewap.org')
insert into known_room(version, id,id,name,known_area) values (1, 36,'Jerry','Hopkins','jerry.hopkins@fo.mh')
insert into known_room(version, id,id,name,known_area) values (1, 37,'Nora','Lyons','nora.lyons@gegijap.na')
insert into known_room(version, id,id,name,known_area) values (1, 38,'Anne','Weiß','anne.weiß@kuvesa.pe')
insert into known_room(version, id,id,name,known_area) values (1, 39,'Louise','Gauthier','louise.gauthier@lapahu.mt')
insert into known_room(version, id,id,name,known_area) values (1, 40,'Lloyd','Fani','lloyd.fani@zev.ru')
insert into known_room(version, id,id,name,known_area) values (1, 41,'Maud','Dunn','maud.dunn@nabeaga.ni')
insert into known_room(version, id,id,name,known_area) values (1, 42,'Henry','Gigli','henry.gigli@kaot.ps')
insert into known_room(version, id,id,name,known_area) values (1, 43,'Virgie','Werner','virgie.werner@tawuctuj.cf')
insert into known_room(version, id,id,name,known_area) values (1, 44,'Gregory','Cozzi','gregory.cozzi@eh.ru')
insert into known_room(version, id,id,name,known_area) values (1, 45,'Lucinda','Gil','lucinda.gil@fajjusuz.kr')
insert into known_room(version, id,id,name,known_area) values (1, 46,'Gertrude','Verbeek','gertrude.verbeek@pave.cc')
insert into known_room(version, id,id,name,known_area) values (1, 47,'Mattie','Graham','mattie.graham@ispaviw.gt')
insert into known_room(version, id,id,name,known_area) values (1, 48,'Bryan','Shaw','bryan.shaw@ha.ee')
insert into known_room(version, id,id,name,known_area) values (1, 49,'Essie','Adams','essie.adams@iliat.cw')
insert into known_room(version, id,id,name,known_area) values (1, 50,'Gary','Osborne','gary.osborne@do.ga')
insert into known_room(version, id,id,name,known_area) values (1, 51,'Richard','Silva','richard.silva@wi.lc')
insert into known_room(version, id,id,name,known_area) values (1, 52,'Dustin','Pestelli','dustin.pestelli@iwage.la')
insert into known_room(version, id,id,name,known_area) values (1, 53,'Henrietta','Hilton','henrietta.hilton@joopoju.pn')
insert into known_room(version, id,id,name,known_area) values (1, 54,'Francisco','Giordano','francisco.giordano@gojawu.tn')
insert into known_room(version, id,id,name,known_area) values (1, 55,'Cynthia','Sardi','cynthia.sardi@afigoh.mm')
insert into known_room(version, id,id,name,known_area) values (1, 56,'Lula','Testi','lula.testi@benom.tj')
insert into known_room(version, id,id,name,known_area) values (1, 57,'Bess','Lucas','bess.lucas@jevakbe.cd')
insert into known_room(version, id,id,name,known_area) values (1, 58,'Linnie','Driessen','linnie.driessen@darhow.tr')
insert into known_room(version, id,id,name,known_area) values (1, 59,'Eva','Tesi','eva.tesi@dupid.cf')
insert into known_room(version, id,id,name,known_area) values (1, 60,'Augusta','Sakai','augusta.sakai@comouc.ee')
insert into known_room(version, id,id,name,known_area) values (1, 61,'Mathilda','Schwarz','mathilda.schwarz@igunisi.ao')
insert into known_room(version, id,id,name,known_area) values (1, 62,'Joe','Riley','joe.riley@pe.vu')
insert into known_room(version, id,id,name,known_area) values (1, 63,'Leon','McGee','leon.mcgee@puk.se')
insert into known_room(version, id,id,name,known_area) values (1, 64,'Florence','Viviani','florence.viviani@vegub.no')
insert into known_room(version, id,id,name,known_area) values (1, 65,'Lee','Miceli','lee.miceli@rucwi.pf')
insert into known_room(version, id,id,name,known_area) values (1, 66,'Celia','Sodi','celia.sodi@agijit.iq')
insert into known_room(version, id,id,name,known_area) values (1, 67,'Aaron','Misuri','aaron.misuri@loolu.lu')
insert into known_room(version, id,id,name,known_area) values (1, 68,'Fanny','Parkinson','fanny.parkinson@tupwovali.cw')
insert into known_room(version, id,id,name,known_area) values (1, 69,'Phoebe','Vitale','phoebe.vitale@hidge.fo')
insert into known_room(version, id,id,name,known_area) values (1, 70,'Edith','Brennan','edith.brennan@liowci.ir')
insert into known_room(version, id,id,name,known_area) values (1, 71,'Jeremy','Marilli','jeremy.marilli@vesa.pf')
insert into known_room(version, id,id,name,known_area) values (1, 72,'Kathryn','Huet','kathryn.huet@wupikdoh.by')
insert into known_room(version, id,id,name,known_area) values (1, 73,'Lelia','Matsuo','lelia.matsuo@dajsiphaj.az')
insert into known_room(version, id,id,name,known_area) values (1, 74,'Virginia','Woods','virginia.woods@soofpe.ht')
insert into known_room(version, id,id,name,known_area) values (1, 75,'Sally','Aoki','sally.aoki@aruzusjas.tc')
insert into known_room(version, id,id,name,known_area) values (1, 76,'Isabelle','de Ridder','isabelle.deridder@ufeco.in')
insert into known_room(version, id,id,name,known_area) values (1, 77,'Rosie','Murphy','rosie.murphy@uneehi.id')
insert into known_room(version, id,id,name,known_area) values (1, 78,'Lou','Meyer','lou.meyer@hahinaba.gm')
insert into known_room(version, id,id,name,known_area) values (1, 79,'Rodney','Love','rodney.love@zun.ph')
insert into known_room(version, id,id,name,known_area) values (1, 80,'Kenneth','Bianchini','kenneth.bianchini@jo.ws')
insert into known_room(version, id,id,name,known_area) values (1, 81,'Essie','Dietrich','essie.dietrich@goltuefo.mn')
insert into known_room(version, id,id,name,known_area) values (1, 82,'Leila','Simon','leila.simon@lupuwuzo.gw')
insert into known_room(version, id,id,name,known_area) values (1, 83,'Eva','Pierre','eva.pierre@reduzris.ee')
insert into known_room(version, id,id,name,known_area) values (1, 84,'Landon','Moretti','landon.moretti@pubsav.sk')
insert into known_room(version, id,id,name,known_area) values (1, 85,'Mittie','Sardi','mittie.sardi@lullip.nf')
insert into known_room(version, id,id,name,known_area) values (1, 86,'Corey','McDaniel','corey.mcdaniel@aba.tc')
insert into known_room(version, id,id,name,known_area) values (1, 87,'Hester','Stein','hester.stein@kettujwo.eu')
insert into known_room(version, id,id,name,known_area) values (1, 88,'Danny','Lowe','danny.lowe@ju.sd')
insert into known_room(version, id,id,name,known_area) values (1, 89,'Lillie','Winter','lillie.winter@vioburez.vi')
insert into known_room(version, id,id,name,known_area) values (1, 90,'Brandon','Borchi','brandon.borchi@ig.al')
insert into known_room(version, id,id,name,known_area) values (1, 91,'Isaac','Bernardi','isaac.bernardi@omu.bj')
insert into known_room(version, id,id,name,known_area) values (1, 92,'Clyde','Crawford','clyde.crawford@luw.dz')
insert into known_room(version, id,id,name,known_area) values (1, 93,'Paul','Sherman','paul.sherman@pi.cf')
insert into known_room(version, id,id,name,known_area) values (1, 94,'Craig','Russell','craig.russell@zu.nz')
insert into known_room(version, id,id,name,known_area) values (1, 95,'John','Sutton','john.sutton@ag.ee')
insert into known_room(version, id,id,name,known_area) values (1, 96,'Francisco','Formigli','francisco.formigli@fopav.tn')
insert into known_room(version, id,id,name,known_area) values (1, 97,'Gary','Baker','gary.baker@ji.cf')
insert into known_room(version, id,id,name,known_area) values (1, 98,'Earl','Giovannoni','earl.giovannoni@lojet.ge')
insert into known_room(version, id,id,name,known_area) values (1, 99,'Helen','Zanieri','helen.zanieri@ukve.tn')
insert into known_room(version, id,id,name,known_area) values (1, 100,'Agnes','Toccafondi','agnes.toccafondi@viipo.ae')
insert into known_area(version, id,name,display_order,id) values (1, 1,'jigrormo','70','jigrormo')
insert into known_area(version, id,name,display_order,id) values (1, 2,'zun','11','zun')
insert into known_area(version, id,name,display_order,id) values (1, 3,'capfad','51','capfad')
insert into known_area(version, id,name,display_order,id) values (1, 4,'dec','11','dec')
insert into known_area(version, id,name,display_order,id) values (1, 5,'bivo','53','bivo')
insert into known_area(version, id,name,display_order,id) values (1, 6,'judbilo','87','judbilo')
insert into known_area(version, id,name,display_order,id) values (1, 7,'joraf','58','joraf')
insert into known_area(version, id,name,display_order,id) values (1, 8,'kem','15','kem')
insert into known_area(version, id,name,display_order,id) values (1, 9,'odeter','66','odeter')
insert into known_area(version, id,name,display_order,id) values (1, 10,'lisohuje','79','lisohuje')
insert into known_area(version, id,name,display_order,id) values (1, 11,'duod','42','duod')
insert into known_area(version, id,name,display_order,id) values (1, 12,'nowufpus','82','nowufpus')
insert into known_area(version, id,name,display_order,id) values (1, 13,'kagu','67','kagu')
insert into known_area(version, id,name,display_order,id) values (1, 14,'fef','16','fef')
insert into known_area(version, id,name,display_order,id) values (1, 15,'derwogi','95','derwogi')
insert into known_area(version, id,name,display_order,id) values (1, 16,'wehovuce','75','wehovuce')
insert into known_area(version, id,name,display_order,id) values (1, 17,'zamum','50','zamum')
insert into known_area(version, id,name,display_order,id) values (1, 18,'dunebuh','75','dunebuh')
insert into known_area(version, id,name,display_order,id) values (1, 19,'repiwid','92','repiwid')
insert into known_area(version, id,name,display_order,id) values (1, 20,'razuppa','91','razuppa')
insert into known_area(version, id,name,display_order,id) values (1, 21,'kulmenim','74','kulmenim')
insert into known_area(version, id,name,display_order,id) values (1, 22,'ib','10','ib')
insert into known_area(version, id,name,display_order,id) values (1, 23,'ba','29','ba')
insert into known_area(version, id,name,display_order,id) values (1, 24,'tohhij','50','tohhij')
insert into known_area(version, id,name,display_order,id) values (1, 25,'tuvo','37','tuvo')
insert into known_area(version, id,name,display_order,id) values (1, 26,'foga','58','foga')
insert into known_area(version, id,name,display_order,id) values (1, 27,'uswuzzub','89','uswuzzub')
insert into known_area(version, id,name,display_order,id) values (1, 28,'hivwerip','91','hivwerip')
insert into known_area(version, id,name,display_order,id) values (1, 29,'gugusu','77','gugusu')
insert into known_area(version, id,name,display_order,id) values (1, 30,'zedekak','95','zedekak')
insert into known_area(version, id,name,display_order,id) values (1, 31,'ral','15','ral')
insert into known_area(version, id,name,display_order,id) values (1, 32,'turuhu','51','turuhu')
insert into known_area(version, id,name,display_order,id) values (1, 33,'omjo','66','omjo')
insert into known_area(version, id,name,display_order,id) values (1, 34,'rig','32','rig')
insert into known_area(version, id,name,display_order,id) values (1, 35,'sicewap','80','sicewap')
insert into known_area(version, id,name,display_order,id) values (1, 36,'fo','10','fo')
insert into known_area(version, id,name,display_order,id) values (1, 37,'gegijap','79','gegijap')
insert into known_area(version, id,name,display_order,id) values (1, 38,'kuvesa','84','kuvesa')
insert into known_area(version, id,name,display_order,id) values (1, 39,'lapahu','95','lapahu')
insert into known_area(version, id,name,display_order,id) values (1, 40,'zev','33','zev')
insert into known_area(version, id,name,display_order,id) values (1, 41,'nabeaga','69','nabeaga')
insert into known_area(version, id,name,display_order,id) values (1, 42,'kaot','36','kaot')
insert into known_area(version, id,name,display_order,id) values (1, 43,'tawuctuj','83','tawuctuj')
insert into known_area(version, id,name,display_order,id) values (1, 44,'eh','30','eh')
insert into known_area(version, id,name,display_order,id) values (1, 45,'fajjusuz','90','fajjusuz')
insert into known_area(version, id,name,display_order,id) values (1, 46,'pave','60','pave')
insert into known_area(version, id,name,display_order,id) values (1, 47,'ispaviw','67','ispaviw')
insert into known_area(version, id,name,display_order,id) values (1, 48,'ha','6','ha')
insert into known_area(version, id,name,display_order,id) values (1, 49,'iliat','66','iliat')
insert into known_area(version, id,name,display_order,id) values (1, 50,'do','15','do')
insert into known_area(version, id,name,display_order,id) values (1, 51,'wi','10','wi')
insert into known_area(version, id,name,display_order,id) values (1, 52,'iwage','47','iwage')
insert into known_area(version, id,name,display_order,id) values (1, 53,'joopoju','81','joopoju')
insert into known_area(version, id,name,display_order,id) values (1, 54,'gojawu','36','gojawu')
insert into known_area(version, id,name,display_order,id) values (1, 55,'afigoh','51','afigoh')
insert into known_area(version, id,name,display_order,id) values (1, 56,'benom','53','benom')
insert into known_area(version, id,name,display_order,id) values (1, 57,'jevakbe','96','jevakbe')
insert into known_area(version, id,name,display_order,id) values (1, 58,'darhow','57','darhow')
insert into known_area(version, id,name,display_order,id) values (1, 59,'dupid','53','dupid')
insert into known_area(version, id,name,display_order,id) values (1, 60,'comouc','88','comouc')
insert into known_area(version, id,name,display_order,id) values (1, 61,'igunisi','83','igunisi')
insert into known_area(version, id,name,display_order,id) values (1, 62,'pe','7','pe')
insert into known_area(version, id,name,display_order,id) values (1, 63,'puk','14','puk')
insert into known_area(version, id,name,display_order,id) values (1, 64,'vegub','55','vegub')
insert into known_area(version, id,name,display_order,id) values (1, 65,'rucwi','43','rucwi')
insert into known_area(version, id,name,display_order,id) values (1, 66,'agijit','52','agijit')
insert into known_area(version, id,name,display_order,id) values (1, 67,'loolu','43','loolu')
insert into known_area(version, id,name,display_order,id) values (1, 68,'tupwovali','75','tupwovali')
insert into known_area(version, id,name,display_order,id) values (1, 69,'hidge','55','hidge')
insert into known_area(version, id,name,display_order,id) values (1, 70,'liowci','76','liowci')
insert into known_area(version, id,name,display_order,id) values (1, 71,'vesa','41','vesa')
insert into known_area(version, id,name,display_order,id) values (1, 72,'wupikdoh','97','wupikdoh')
insert into known_area(version, id,name,display_order,id) values (1, 73,'dajsiphaj','89','dajsiphaj')
insert into known_area(version, id,name,display_order,id) values (1, 74,'soofpe','69','soofpe')
insert into known_area(version, id,name,display_order,id) values (1, 75,'aruzusjas','87','aruzusjas')
insert into known_area(version, id,name,display_order,id) values (1, 76,'ufeco','61','ufeco')
insert into known_area(version, id,name,display_order,id) values (1, 77,'uneehi','66','uneehi')
insert into known_area(version, id,name,display_order,id) values (1, 78,'hahinaba','95','hahinaba')
insert into known_area(version, id,name,display_order,id) values (1, 79,'zun','12','zun')
insert into known_area(version, id,name,display_order,id) values (1, 80,'jo','23','jo')
insert into known_area(version, id,name,display_order,id) values (1, 81,'goltuefo','85','goltuefo')
insert into known_area(version, id,name,display_order,id) values (1, 82,'lupuwuzo','94','lupuwuzo')
insert into known_area(version, id,name,display_order,id) values (1, 83,'reduzris','97','reduzris')
insert into known_area(version, id,name,display_order,id) values (1, 84,'pubsav','43','pubsav')
insert into known_area(version, id,name,display_order,id) values (1, 85,'lullip','51','lullip')
insert into known_area(version, id,name,display_order,id) values (1, 86,'aba','12','aba')
insert into known_area(version, id,name,display_order,id) values (1, 87,'kettujwo','85','kettujwo')
insert into known_area(version, id,name,display_order,id) values (1, 88,'ju','10','ju')
insert into known_area(version, id,name,display_order,id) values (1, 89,'vioburez','79','vioburez')
insert into known_area(version, id,name,display_order,id) values (1, 90,'ig','24','ig')
insert into known_area(version, id,name,display_order,id) values (1, 91,'omu','22','omu')
insert into known_area(version, id,name,display_order,id) values (1, 92,'luw','5','luw')
insert into known_area(version, id,name,display_order,id) values (1, 93,'pi','16','pi')
insert into known_area(version, id,name,display_order,id) values (1, 94,'zu','4','zu')
insert into known_area(version, id,name,display_order,id) values (1, 95,'ag','11','ag')
insert into known_area(version, id,name,display_order,id) values (1, 96,'fopav','34','fopav')
insert into known_area(version, id,name,display_order,id) values (1, 97,'ji','2','ji')
insert into known_area(version, id,name,display_order,id) values (1, 98,'lojet','37','lojet')
insert into known_area(version, id,name,display_order,id) values (1, 99,'ukve','55','ukve')
insert into known_area(version, id,name,display_order,id) values (1, 100,'viipo','53','viipo')
insert into known_device(version, id,id,service_id,name) values (1, 1,'jigrormo','jigrormo','jigrormo')
insert into known_device(version, id,id,service_id,name) values (1, 2,'zun','zun','zun')
insert into known_device(version, id,id,service_id,name) values (1, 3,'capfad','capfad','capfad')
insert into known_device(version, id,id,service_id,name) values (1, 4,'dec','dec','dec')
insert into known_device(version, id,id,service_id,name) values (1, 5,'bivo','bivo','bivo')
insert into known_device(version, id,id,service_id,name) values (1, 6,'judbilo','judbilo','judbilo')
insert into known_device(version, id,id,service_id,name) values (1, 7,'joraf','joraf','joraf')
insert into known_device(version, id,id,service_id,name) values (1, 8,'kem','kem','kem')
insert into known_device(version, id,id,service_id,name) values (1, 9,'odeter','odeter','odeter')
insert into known_device(version, id,id,service_id,name) values (1, 10,'lisohuje','lisohuje','lisohuje')
insert into known_device(version, id,id,service_id,name) values (1, 11,'duod','duod','duod')
insert into known_device(version, id,id,service_id,name) values (1, 12,'nowufpus','nowufpus','nowufpus')
insert into known_device(version, id,id,service_id,name) values (1, 13,'kagu','kagu','kagu')
insert into known_device(version, id,id,service_id,name) values (1, 14,'fef','fef','fef')
insert into known_device(version, id,id,service_id,name) values (1, 15,'derwogi','derwogi','derwogi')
insert into known_device(version, id,id,service_id,name) values (1, 16,'wehovuce','wehovuce','wehovuce')
insert into known_device(version, id,id,service_id,name) values (1, 17,'zamum','zamum','zamum')
insert into known_device(version, id,id,service_id,name) values (1, 18,'dunebuh','dunebuh','dunebuh')
insert into known_device(version, id,id,service_id,name) values (1, 19,'repiwid','repiwid','repiwid')
insert into known_device(version, id,id,service_id,name) values (1, 20,'razuppa','razuppa','razuppa')
insert into known_device(version, id,id,service_id,name) values (1, 21,'kulmenim','kulmenim','kulmenim')
insert into known_device(version, id,id,service_id,name) values (1, 22,'ib','ib','ib')
insert into known_device(version, id,id,service_id,name) values (1, 23,'ba','ba','ba')
insert into known_device(version, id,id,service_id,name) values (1, 24,'tohhij','tohhij','tohhij')
insert into known_device(version, id,id,service_id,name) values (1, 25,'tuvo','tuvo','tuvo')
insert into known_device(version, id,id,service_id,name) values (1, 26,'foga','foga','foga')
insert into known_device(version, id,id,service_id,name) values (1, 27,'uswuzzub','uswuzzub','uswuzzub')
insert into known_device(version, id,id,service_id,name) values (1, 28,'hivwerip','hivwerip','hivwerip')
insert into known_device(version, id,id,service_id,name) values (1, 29,'gugusu','gugusu','gugusu')
insert into known_device(version, id,id,service_id,name) values (1, 30,'zedekak','zedekak','zedekak')
insert into known_device(version, id,id,service_id,name) values (1, 31,'ral','ral','ral')
insert into known_device(version, id,id,service_id,name) values (1, 32,'turuhu','turuhu','turuhu')
insert into known_device(version, id,id,service_id,name) values (1, 33,'omjo','omjo','omjo')
insert into known_device(version, id,id,service_id,name) values (1, 34,'rig','rig','rig')
insert into known_device(version, id,id,service_id,name) values (1, 35,'sicewap','sicewap','sicewap')
insert into known_device(version, id,id,service_id,name) values (1, 36,'fo','fo','fo')
insert into known_device(version, id,id,service_id,name) values (1, 37,'gegijap','gegijap','gegijap')
insert into known_device(version, id,id,service_id,name) values (1, 38,'kuvesa','kuvesa','kuvesa')
insert into known_device(version, id,id,service_id,name) values (1, 39,'lapahu','lapahu','lapahu')
insert into known_device(version, id,id,service_id,name) values (1, 40,'zev','zev','zev')
insert into known_device(version, id,id,service_id,name) values (1, 41,'nabeaga','nabeaga','nabeaga')
insert into known_device(version, id,id,service_id,name) values (1, 42,'kaot','kaot','kaot')
insert into known_device(version, id,id,service_id,name) values (1, 43,'tawuctuj','tawuctuj','tawuctuj')
insert into known_device(version, id,id,service_id,name) values (1, 44,'eh','eh','eh')
insert into known_device(version, id,id,service_id,name) values (1, 45,'fajjusuz','fajjusuz','fajjusuz')
insert into known_device(version, id,id,service_id,name) values (1, 46,'pave','pave','pave')
insert into known_device(version, id,id,service_id,name) values (1, 47,'ispaviw','ispaviw','ispaviw')
insert into known_device(version, id,id,service_id,name) values (1, 48,'ha','ha','ha')
insert into known_device(version, id,id,service_id,name) values (1, 49,'iliat','iliat','iliat')
insert into known_device(version, id,id,service_id,name) values (1, 50,'do','do','do')
insert into known_device(version, id,id,service_id,name) values (1, 51,'wi','wi','wi')
insert into known_device(version, id,id,service_id,name) values (1, 52,'iwage','iwage','iwage')
insert into known_device(version, id,id,service_id,name) values (1, 53,'joopoju','joopoju','joopoju')
insert into known_device(version, id,id,service_id,name) values (1, 54,'gojawu','gojawu','gojawu')
insert into known_device(version, id,id,service_id,name) values (1, 55,'afigoh','afigoh','afigoh')
insert into known_device(version, id,id,service_id,name) values (1, 56,'benom','benom','benom')
insert into known_device(version, id,id,service_id,name) values (1, 57,'jevakbe','jevakbe','jevakbe')
insert into known_device(version, id,id,service_id,name) values (1, 58,'darhow','darhow','darhow')
insert into known_device(version, id,id,service_id,name) values (1, 59,'dupid','dupid','dupid')
insert into known_device(version, id,id,service_id,name) values (1, 60,'comouc','comouc','comouc')
insert into known_device(version, id,id,service_id,name) values (1, 61,'igunisi','igunisi','igunisi')
insert into known_device(version, id,id,service_id,name) values (1, 62,'pe','pe','pe')
insert into known_device(version, id,id,service_id,name) values (1, 63,'puk','puk','puk')
insert into known_device(version, id,id,service_id,name) values (1, 64,'vegub','vegub','vegub')
insert into known_device(version, id,id,service_id,name) values (1, 65,'rucwi','rucwi','rucwi')
insert into known_device(version, id,id,service_id,name) values (1, 66,'agijit','agijit','agijit')
insert into known_device(version, id,id,service_id,name) values (1, 67,'loolu','loolu','loolu')
insert into known_device(version, id,id,service_id,name) values (1, 68,'tupwovali','tupwovali','tupwovali')
insert into known_device(version, id,id,service_id,name) values (1, 69,'hidge','hidge','hidge')
insert into known_device(version, id,id,service_id,name) values (1, 70,'liowci','liowci','liowci')
insert into known_device(version, id,id,service_id,name) values (1, 71,'vesa','vesa','vesa')
insert into known_device(version, id,id,service_id,name) values (1, 72,'wupikdoh','wupikdoh','wupikdoh')
insert into known_device(version, id,id,service_id,name) values (1, 73,'dajsiphaj','dajsiphaj','dajsiphaj')
insert into known_device(version, id,id,service_id,name) values (1, 74,'soofpe','soofpe','soofpe')
insert into known_device(version, id,id,service_id,name) values (1, 75,'aruzusjas','aruzusjas','aruzusjas')
insert into known_device(version, id,id,service_id,name) values (1, 76,'ufeco','ufeco','ufeco')
insert into known_device(version, id,id,service_id,name) values (1, 77,'uneehi','uneehi','uneehi')
insert into known_device(version, id,id,service_id,name) values (1, 78,'hahinaba','hahinaba','hahinaba')
insert into known_device(version, id,id,service_id,name) values (1, 79,'zun','zun','zun')
insert into known_device(version, id,id,service_id,name) values (1, 80,'jo','jo','jo')
insert into known_device(version, id,id,service_id,name) values (1, 81,'goltuefo','goltuefo','goltuefo')
insert into known_device(version, id,id,service_id,name) values (1, 82,'lupuwuzo','lupuwuzo','lupuwuzo')
insert into known_device(version, id,id,service_id,name) values (1, 83,'reduzris','reduzris','reduzris')
insert into known_device(version, id,id,service_id,name) values (1, 84,'pubsav','pubsav','pubsav')
insert into known_device(version, id,id,service_id,name) values (1, 85,'lullip','lullip','lullip')
insert into known_device(version, id,id,service_id,name) values (1, 86,'aba','aba','aba')
insert into known_device(version, id,id,service_id,name) values (1, 87,'kettujwo','kettujwo','kettujwo')
insert into known_device(version, id,id,service_id,name) values (1, 88,'ju','ju','ju')
insert into known_device(version, id,id,service_id,name) values (1, 89,'vioburez','vioburez','vioburez')
insert into known_device(version, id,id,service_id,name) values (1, 90,'ig','ig','ig')
insert into known_device(version, id,id,service_id,name) values (1, 91,'omu','omu','omu')
insert into known_device(version, id,id,service_id,name) values (1, 92,'luw','luw','luw')
insert into known_device(version, id,id,service_id,name) values (1, 93,'pi','pi','pi')
insert into known_device(version, id,id,service_id,name) values (1, 94,'zu','zu','zu')
insert into known_device(version, id,id,service_id,name) values (1, 95,'ag','ag','ag')
insert into known_device(version, id,id,service_id,name) values (1, 96,'fopav','fopav','fopav')
insert into known_device(version, id,id,service_id,name) values (1, 97,'ji','ji','ji')
insert into known_device(version, id,id,service_id,name) values (1, 98,'lojet','lojet','lojet')
insert into known_device(version, id,id,service_id,name) values (1, 99,'ukve','ukve','ukve')
insert into known_device(version, id,id,service_id,name) values (1, 100,'viipo','viipo','viipo')
insert into value_group(version, id,id,name) values (1, 1,'jigrormo','jigrormo')
insert into value_group(version, id,id,name) values (1, 2,'zun','zun')
insert into value_group(version, id,id,name) values (1, 3,'capfad','capfad')
insert into value_group(version, id,id,name) values (1, 4,'dec','dec')
insert into value_group(version, id,id,name) values (1, 5,'bivo','bivo')
insert into value_group(version, id,id,name) values (1, 6,'judbilo','judbilo')
insert into value_group(version, id,id,name) values (1, 7,'joraf','joraf')
insert into value_group(version, id,id,name) values (1, 8,'kem','kem')
insert into value_group(version, id,id,name) values (1, 9,'odeter','odeter')
insert into value_group(version, id,id,name) values (1, 10,'lisohuje','lisohuje')
insert into value_group(version, id,id,name) values (1, 11,'duod','duod')
insert into value_group(version, id,id,name) values (1, 12,'nowufpus','nowufpus')
insert into value_group(version, id,id,name) values (1, 13,'kagu','kagu')
insert into value_group(version, id,id,name) values (1, 14,'fef','fef')
insert into value_group(version, id,id,name) values (1, 15,'derwogi','derwogi')
insert into value_group(version, id,id,name) values (1, 16,'wehovuce','wehovuce')
insert into value_group(version, id,id,name) values (1, 17,'zamum','zamum')
insert into value_group(version, id,id,name) values (1, 18,'dunebuh','dunebuh')
insert into value_group(version, id,id,name) values (1, 19,'repiwid','repiwid')
insert into value_group(version, id,id,name) values (1, 20,'razuppa','razuppa')
insert into value_group(version, id,id,name) values (1, 21,'kulmenim','kulmenim')
insert into value_group(version, id,id,name) values (1, 22,'ib','ib')
insert into value_group(version, id,id,name) values (1, 23,'ba','ba')
insert into value_group(version, id,id,name) values (1, 24,'tohhij','tohhij')
insert into value_group(version, id,id,name) values (1, 25,'tuvo','tuvo')
insert into value_group(version, id,id,name) values (1, 26,'foga','foga')
insert into value_group(version, id,id,name) values (1, 27,'uswuzzub','uswuzzub')
insert into value_group(version, id,id,name) values (1, 28,'hivwerip','hivwerip')
insert into value_group(version, id,id,name) values (1, 29,'gugusu','gugusu')
insert into value_group(version, id,id,name) values (1, 30,'zedekak','zedekak')
insert into value_group(version, id,id,name) values (1, 31,'ral','ral')
insert into value_group(version, id,id,name) values (1, 32,'turuhu','turuhu')
insert into value_group(version, id,id,name) values (1, 33,'omjo','omjo')
insert into value_group(version, id,id,name) values (1, 34,'rig','rig')
insert into value_group(version, id,id,name) values (1, 35,'sicewap','sicewap')
insert into value_group(version, id,id,name) values (1, 36,'fo','fo')
insert into value_group(version, id,id,name) values (1, 37,'gegijap','gegijap')
insert into value_group(version, id,id,name) values (1, 38,'kuvesa','kuvesa')
insert into value_group(version, id,id,name) values (1, 39,'lapahu','lapahu')
insert into value_group(version, id,id,name) values (1, 40,'zev','zev')
insert into value_group(version, id,id,name) values (1, 41,'nabeaga','nabeaga')
insert into value_group(version, id,id,name) values (1, 42,'kaot','kaot')
insert into value_group(version, id,id,name) values (1, 43,'tawuctuj','tawuctuj')
insert into value_group(version, id,id,name) values (1, 44,'eh','eh')
insert into value_group(version, id,id,name) values (1, 45,'fajjusuz','fajjusuz')
insert into value_group(version, id,id,name) values (1, 46,'pave','pave')
insert into value_group(version, id,id,name) values (1, 47,'ispaviw','ispaviw')
insert into value_group(version, id,id,name) values (1, 48,'ha','ha')
insert into value_group(version, id,id,name) values (1, 49,'iliat','iliat')
insert into value_group(version, id,id,name) values (1, 50,'do','do')
insert into value_group(version, id,id,name) values (1, 51,'wi','wi')
insert into value_group(version, id,id,name) values (1, 52,'iwage','iwage')
insert into value_group(version, id,id,name) values (1, 53,'joopoju','joopoju')
insert into value_group(version, id,id,name) values (1, 54,'gojawu','gojawu')
insert into value_group(version, id,id,name) values (1, 55,'afigoh','afigoh')
insert into value_group(version, id,id,name) values (1, 56,'benom','benom')
insert into value_group(version, id,id,name) values (1, 57,'jevakbe','jevakbe')
insert into value_group(version, id,id,name) values (1, 58,'darhow','darhow')
insert into value_group(version, id,id,name) values (1, 59,'dupid','dupid')
insert into value_group(version, id,id,name) values (1, 60,'comouc','comouc')
insert into value_group(version, id,id,name) values (1, 61,'igunisi','igunisi')
insert into value_group(version, id,id,name) values (1, 62,'pe','pe')
insert into value_group(version, id,id,name) values (1, 63,'puk','puk')
insert into value_group(version, id,id,name) values (1, 64,'vegub','vegub')
insert into value_group(version, id,id,name) values (1, 65,'rucwi','rucwi')
insert into value_group(version, id,id,name) values (1, 66,'agijit','agijit')
insert into value_group(version, id,id,name) values (1, 67,'loolu','loolu')
insert into value_group(version, id,id,name) values (1, 68,'tupwovali','tupwovali')
insert into value_group(version, id,id,name) values (1, 69,'hidge','hidge')
insert into value_group(version, id,id,name) values (1, 70,'liowci','liowci')
insert into value_group(version, id,id,name) values (1, 71,'vesa','vesa')
insert into value_group(version, id,id,name) values (1, 72,'wupikdoh','wupikdoh')
insert into value_group(version, id,id,name) values (1, 73,'dajsiphaj','dajsiphaj')
insert into value_group(version, id,id,name) values (1, 74,'soofpe','soofpe')
insert into value_group(version, id,id,name) values (1, 75,'aruzusjas','aruzusjas')
insert into value_group(version, id,id,name) values (1, 76,'ufeco','ufeco')
insert into value_group(version, id,id,name) values (1, 77,'uneehi','uneehi')
insert into value_group(version, id,id,name) values (1, 78,'hahinaba','hahinaba')
insert into value_group(version, id,id,name) values (1, 79,'zun','zun')
insert into value_group(version, id,id,name) values (1, 80,'jo','jo')
insert into value_group(version, id,id,name) values (1, 81,'goltuefo','goltuefo')
insert into value_group(version, id,id,name) values (1, 82,'lupuwuzo','lupuwuzo')
insert into value_group(version, id,id,name) values (1, 83,'reduzris','reduzris')
insert into value_group(version, id,id,name) values (1, 84,'pubsav','pubsav')
insert into value_group(version, id,id,name) values (1, 85,'lullip','lullip')
insert into value_group(version, id,id,name) values (1, 86,'aba','aba')
insert into value_group(version, id,id,name) values (1, 87,'kettujwo','kettujwo')
insert into value_group(version, id,id,name) values (1, 88,'ju','ju')
insert into value_group(version, id,id,name) values (1, 89,'vioburez','vioburez')
insert into value_group(version, id,id,name) values (1, 90,'ig','ig')
insert into value_group(version, id,id,name) values (1, 91,'omu','omu')
insert into value_group(version, id,id,name) values (1, 92,'luw','luw')
insert into value_group(version, id,id,name) values (1, 93,'pi','pi')
insert into value_group(version, id,id,name) values (1, 94,'zu','zu')
insert into value_group(version, id,id,name) values (1, 95,'ag','ag')
insert into value_group(version, id,id,name) values (1, 96,'fopav','fopav')
insert into value_group(version, id,id,name) values (1, 97,'ji','ji')
insert into value_group(version, id,id,name) values (1, 98,'lojet','lojet')
insert into value_group(version, id,id,name) values (1, 99,'ukve','ukve')
insert into value_group(version, id,id,name) values (1, 100,'viipo','viipo')
insert into processor_task(version, id,id,task_type,task_trigger_type,script_code,run_condition,schedule_interval,publish_result,enabled,group_id) values (1, 1,'jigrormo','70','70','jigrormo','jigrormo','697',false,false,'jigrormo')
insert into processor_task(version, id,id,task_type,task_trigger_type,script_code,run_condition,schedule_interval,publish_result,enabled,group_id) values (1, 2,'zun','11','11','zun','zun','107',true,true,'zun')
insert into processor_task(version, id,id,task_type,task_trigger_type,script_code,run_condition,schedule_interval,publish_result,enabled,group_id) values (1, 3,'capfad','51','51','capfad','capfad','507',false,false,'capfad')
insert into processor_task(version, id,id,task_type,task_trigger_type,script_code,run_condition,schedule_interval,publish_result,enabled,group_id) values (1, 4,'dec','11','11','dec','dec','106',true,true,'dec')
insert into processor_task(version, id,id,task_type,task_trigger_type,script_code,run_condition,schedule_interval,publish_result,enabled,group_id) values (1, 5,'bivo','53','53','bivo','bivo','524',false,false,'bivo')
insert into processor_task(version, id,id,task_type,task_trigger_type,script_code,run_condition,schedule_interval,publish_result,enabled,group_id) values (1, 6,'judbilo','87','87','judbilo','judbilo','867',false,false,'judbilo')
insert into processor_task(version, id,id,task_type,task_trigger_type,script_code,run_condition,schedule_interval,publish_result,enabled,group_id) values (1, 7,'joraf','58','58','joraf','joraf','571',false,false,'joraf')
insert into processor_task(version, id,id,task_type,task_trigger_type,script_code,run_condition,schedule_interval,publish_result,enabled,group_id) values (1, 8,'kem','15','15','kem','kem','142',true,true,'kem')
insert into processor_task(version, id,id,task_type,task_trigger_type,script_code,run_condition,schedule_interval,publish_result,enabled,group_id) values (1, 9,'odeter','66','66','odeter','odeter','651',false,false,'odeter')
insert into processor_task(version, id,id,task_type,task_trigger_type,script_code,run_condition,schedule_interval,publish_result,enabled,group_id) values (1, 10,'lisohuje','79','79','lisohuje','lisohuje','781',false,false,'lisohuje')
insert into processor_task(version, id,id,task_type,task_trigger_type,script_code,run_condition,schedule_interval,publish_result,enabled,group_id) values (1, 11,'duod','42','42','duod','duod','420',true,true,'duod')
insert into processor_task(version, id,id,task_type,task_trigger_type,script_code,run_condition,schedule_interval,publish_result,enabled,group_id) values (1, 12,'nowufpus','82','82','nowufpus','nowufpus','812',false,false,'nowufpus')
insert into processor_task(version, id,id,task_type,task_trigger_type,script_code,run_condition,schedule_interval,publish_result,enabled,group_id) values (1, 13,'kagu','67','67','kagu','kagu','662',false,false,'kagu')
insert into processor_task(version, id,id,task_type,task_trigger_type,script_code,run_condition,schedule_interval,publish_result,enabled,group_id) values (1, 14,'fef','16','16','fef','fef','154',true,true,'fef')
insert into processor_task(version, id,id,task_type,task_trigger_type,script_code,run_condition,schedule_interval,publish_result,enabled,group_id) values (1, 15,'derwogi','95','95','derwogi','derwogi','944',false,false,'derwogi')
insert into processor_task(version, id,id,task_type,task_trigger_type,script_code,run_condition,schedule_interval,publish_result,enabled,group_id) values (1, 16,'wehovuce','75','75','wehovuce','wehovuce','750',false,false,'wehovuce')
insert into processor_task(version, id,id,task_type,task_trigger_type,script_code,run_condition,schedule_interval,publish_result,enabled,group_id) values (1, 17,'zamum','50','50','zamum','zamum','491',true,true,'zamum')
insert into processor_task(version, id,id,task_type,task_trigger_type,script_code,run_condition,schedule_interval,publish_result,enabled,group_id) values (1, 18,'dunebuh','75','75','dunebuh','dunebuh','748',false,false,'dunebuh')
insert into processor_task(version, id,id,task_type,task_trigger_type,script_code,run_condition,schedule_interval,publish_result,enabled,group_id) values (1, 19,'repiwid','92','92','repiwid','repiwid','918',false,false,'repiwid')
insert into processor_task(version, id,id,task_type,task_trigger_type,script_code,run_condition,schedule_interval,publish_result,enabled,group_id) values (1, 20,'razuppa','91','91','razuppa','razuppa','903',false,false,'razuppa')
insert into processor_task(version, id,id,task_type,task_trigger_type,script_code,run_condition,schedule_interval,publish_result,enabled,group_id) values (1, 21,'kulmenim','74','74','kulmenim','kulmenim','738',false,false,'kulmenim')
insert into processor_task(version, id,id,task_type,task_trigger_type,script_code,run_condition,schedule_interval,publish_result,enabled,group_id) values (1, 22,'ib','10','10','ib','ib','94',true,true,'ib')
insert into processor_task(version, id,id,task_type,task_trigger_type,script_code,run_condition,schedule_interval,publish_result,enabled,group_id) values (1, 23,'ba','29','29','ba','ba','284',true,true,'ba')
insert into processor_task(version, id,id,task_type,task_trigger_type,script_code,run_condition,schedule_interval,publish_result,enabled,group_id) values (1, 24,'tohhij','50','50','tohhij','tohhij','499',true,true,'tohhij')
insert into processor_task(version, id,id,task_type,task_trigger_type,script_code,run_condition,schedule_interval,publish_result,enabled,group_id) values (1, 25,'tuvo','37','37','tuvo','tuvo','367',true,true,'tuvo')
insert into processor_task(version, id,id,task_type,task_trigger_type,script_code,run_condition,schedule_interval,publish_result,enabled,group_id) values (1, 26,'foga','58','58','foga','foga','576',false,false,'foga')
insert into processor_task(version, id,id,task_type,task_trigger_type,script_code,run_condition,schedule_interval,publish_result,enabled,group_id) values (1, 27,'uswuzzub','89','89','uswuzzub','uswuzzub','882',false,false,'uswuzzub')
insert into processor_task(version, id,id,task_type,task_trigger_type,script_code,run_condition,schedule_interval,publish_result,enabled,group_id) values (1, 28,'hivwerip','91','91','hivwerip','hivwerip','909',false,false,'hivwerip')
insert into processor_task(version, id,id,task_type,task_trigger_type,script_code,run_condition,schedule_interval,publish_result,enabled,group_id) values (1, 29,'gugusu','77','77','gugusu','gugusu','770',false,false,'gugusu')
insert into processor_task(version, id,id,task_type,task_trigger_type,script_code,run_condition,schedule_interval,publish_result,enabled,group_id) values (1, 30,'zedekak','95','95','zedekak','zedekak','949',false,false,'zedekak')
insert into processor_task(version, id,id,task_type,task_trigger_type,script_code,run_condition,schedule_interval,publish_result,enabled,group_id) values (1, 31,'ral','15','15','ral','ral','148',true,true,'ral')
insert into processor_task(version, id,id,task_type,task_trigger_type,script_code,run_condition,schedule_interval,publish_result,enabled,group_id) values (1, 32,'turuhu','51','51','turuhu','turuhu','508',false,false,'turuhu')
insert into processor_task(version, id,id,task_type,task_trigger_type,script_code,run_condition,schedule_interval,publish_result,enabled,group_id) values (1, 33,'omjo','66','66','omjo','omjo','653',false,false,'omjo')
insert into processor_task(version, id,id,task_type,task_trigger_type,script_code,run_condition,schedule_interval,publish_result,enabled,group_id) values (1, 34,'rig','32','32','rig','rig','314',true,true,'rig')
insert into processor_task(version, id,id,task_type,task_trigger_type,script_code,run_condition,schedule_interval,publish_result,enabled,group_id) values (1, 35,'sicewap','80','80','sicewap','sicewap','798',false,false,'sicewap')
insert into processor_task(version, id,id,task_type,task_trigger_type,script_code,run_condition,schedule_interval,publish_result,enabled,group_id) values (1, 36,'fo','10','10','fo','fo','97',true,true,'fo')
insert into processor_task(version, id,id,task_type,task_trigger_type,script_code,run_condition,schedule_interval,publish_result,enabled,group_id) values (1, 37,'gegijap','79','79','gegijap','gegijap','789',false,false,'gegijap')
insert into processor_task(version, id,id,task_type,task_trigger_type,script_code,run_condition,schedule_interval,publish_result,enabled,group_id) values (1, 38,'kuvesa','84','84','kuvesa','kuvesa','834',false,false,'kuvesa')
insert into processor_task(version, id,id,task_type,task_trigger_type,script_code,run_condition,schedule_interval,publish_result,enabled,group_id) values (1, 39,'lapahu','95','95','lapahu','lapahu','941',false,false,'lapahu')
insert into processor_task(version, id,id,task_type,task_trigger_type,script_code,run_condition,schedule_interval,publish_result,enabled,group_id) values (1, 40,'zev','33','33','zev','zev','322',true,true,'zev')
insert into processor_task(version, id,id,task_type,task_trigger_type,script_code,run_condition,schedule_interval,publish_result,enabled,group_id) values (1, 41,'nabeaga','69','69','nabeaga','nabeaga','689',false,false,'nabeaga')
insert into processor_task(version, id,id,task_type,task_trigger_type,script_code,run_condition,schedule_interval,publish_result,enabled,group_id) values (1, 42,'kaot','36','36','kaot','kaot','357',true,true,'kaot')
insert into processor_task(version, id,id,task_type,task_trigger_type,script_code,run_condition,schedule_interval,publish_result,enabled,group_id) values (1, 43,'tawuctuj','83','83','tawuctuj','tawuctuj','827',false,false,'tawuctuj')
insert into processor_task(version, id,id,task_type,task_trigger_type,script_code,run_condition,schedule_interval,publish_result,enabled,group_id) values (1, 44,'eh','30','30','eh','eh','298',true,true,'eh')
insert into processor_task(version, id,id,task_type,task_trigger_type,script_code,run_condition,schedule_interval,publish_result,enabled,group_id) values (1, 45,'fajjusuz','90','90','fajjusuz','fajjusuz','899',false,false,'fajjusuz')
insert into processor_task(version, id,id,task_type,task_trigger_type,script_code,run_condition,schedule_interval,publish_result,enabled,group_id) values (1, 46,'pave','60','60','pave','pave','598',false,false,'pave')
insert into processor_task(version, id,id,task_type,task_trigger_type,script_code,run_condition,schedule_interval,publish_result,enabled,group_id) values (1, 47,'ispaviw','67','67','ispaviw','ispaviw','670',false,false,'ispaviw')
insert into processor_task(version, id,id,task_type,task_trigger_type,script_code,run_condition,schedule_interval,publish_result,enabled,group_id) values (1, 48,'ha','6','6','ha','ha','53',true,true,'ha')
insert into processor_task(version, id,id,task_type,task_trigger_type,script_code,run_condition,schedule_interval,publish_result,enabled,group_id) values (1, 49,'iliat','66','66','iliat','iliat','658',false,false,'iliat')
insert into processor_task(version, id,id,task_type,task_trigger_type,script_code,run_condition,schedule_interval,publish_result,enabled,group_id) values (1, 50,'do','15','15','do','do','150',true,true,'do')
insert into processor_task(version, id,id,task_type,task_trigger_type,script_code,run_condition,schedule_interval,publish_result,enabled,group_id) values (1, 51,'wi','10','10','wi','wi','94',true,true,'wi')
insert into processor_task(version, id,id,task_type,task_trigger_type,script_code,run_condition,schedule_interval,publish_result,enabled,group_id) values (1, 52,'iwage','47','47','iwage','iwage','461',true,true,'iwage')
insert into processor_task(version, id,id,task_type,task_trigger_type,script_code,run_condition,schedule_interval,publish_result,enabled,group_id) values (1, 53,'joopoju','81','81','joopoju','joopoju','803',false,false,'joopoju')
insert into processor_task(version, id,id,task_type,task_trigger_type,script_code,run_condition,schedule_interval,publish_result,enabled,group_id) values (1, 54,'gojawu','36','36','gojawu','gojawu','358',true,true,'gojawu')
insert into processor_task(version, id,id,task_type,task_trigger_type,script_code,run_condition,schedule_interval,publish_result,enabled,group_id) values (1, 55,'afigoh','51','51','afigoh','afigoh','503',false,false,'afigoh')
insert into processor_task(version, id,id,task_type,task_trigger_type,script_code,run_condition,schedule_interval,publish_result,enabled,group_id) values (1, 56,'benom','53','53','benom','benom','525',false,false,'benom')
insert into processor_task(version, id,id,task_type,task_trigger_type,script_code,run_condition,schedule_interval,publish_result,enabled,group_id) values (1, 57,'jevakbe','96','96','jevakbe','jevakbe','951',false,false,'jevakbe')
insert into processor_task(version, id,id,task_type,task_trigger_type,script_code,run_condition,schedule_interval,publish_result,enabled,group_id) values (1, 58,'darhow','57','57','darhow','darhow','563',false,false,'darhow')
insert into processor_task(version, id,id,task_type,task_trigger_type,script_code,run_condition,schedule_interval,publish_result,enabled,group_id) values (1, 59,'dupid','53','53','dupid','dupid','525',false,false,'dupid')
insert into processor_task(version, id,id,task_type,task_trigger_type,script_code,run_condition,schedule_interval,publish_result,enabled,group_id) values (1, 60,'comouc','88','88','comouc','comouc','877',false,false,'comouc')
insert into processor_task(version, id,id,task_type,task_trigger_type,script_code,run_condition,schedule_interval,publish_result,enabled,group_id) values (1, 61,'igunisi','83','83','igunisi','igunisi','824',false,false,'igunisi')
insert into processor_task(version, id,id,task_type,task_trigger_type,script_code,run_condition,schedule_interval,publish_result,enabled,group_id) values (1, 62,'pe','7','7','pe','pe','69',true,true,'pe')
insert into processor_task(version, id,id,task_type,task_trigger_type,script_code,run_condition,schedule_interval,publish_result,enabled,group_id) values (1, 63,'puk','14','14','puk','puk','131',true,true,'puk')
insert into processor_task(version, id,id,task_type,task_trigger_type,script_code,run_condition,schedule_interval,publish_result,enabled,group_id) values (1, 64,'vegub','55','55','vegub','vegub','543',false,false,'vegub')
insert into processor_task(version, id,id,task_type,task_trigger_type,script_code,run_condition,schedule_interval,publish_result,enabled,group_id) values (1, 65,'rucwi','43','43','rucwi','rucwi','421',true,true,'rucwi')
insert into processor_task(version, id,id,task_type,task_trigger_type,script_code,run_condition,schedule_interval,publish_result,enabled,group_id) values (1, 66,'agijit','52','52','agijit','agijit','512',false,false,'agijit')
insert into processor_task(version, id,id,task_type,task_trigger_type,script_code,run_condition,schedule_interval,publish_result,enabled,group_id) values (1, 67,'loolu','43','43','loolu','loolu','423',true,true,'loolu')
insert into processor_task(version, id,id,task_type,task_trigger_type,script_code,run_condition,schedule_interval,publish_result,enabled,group_id) values (1, 68,'tupwovali','75','75','tupwovali','tupwovali','746',false,false,'tupwovali')
insert into processor_task(version, id,id,task_type,task_trigger_type,script_code,run_condition,schedule_interval,publish_result,enabled,group_id) values (1, 69,'hidge','55','55','hidge','hidge','542',false,false,'hidge')
insert into processor_task(version, id,id,task_type,task_trigger_type,script_code,run_condition,schedule_interval,publish_result,enabled,group_id) values (1, 70,'liowci','76','76','liowci','liowci','758',false,false,'liowci')
insert into processor_task(version, id,id,task_type,task_trigger_type,script_code,run_condition,schedule_interval,publish_result,enabled,group_id) values (1, 71,'vesa','41','41','vesa','vesa','402',true,true,'vesa')
insert into processor_task(version, id,id,task_type,task_trigger_type,script_code,run_condition,schedule_interval,publish_result,enabled,group_id) values (1, 72,'wupikdoh','97','97','wupikdoh','wupikdoh','968',false,false,'wupikdoh')
insert into processor_task(version, id,id,task_type,task_trigger_type,script_code,run_condition,schedule_interval,publish_result,enabled,group_id) values (1, 73,'dajsiphaj','89','89','dajsiphaj','dajsiphaj','888',false,false,'dajsiphaj')
insert into processor_task(version, id,id,task_type,task_trigger_type,script_code,run_condition,schedule_interval,publish_result,enabled,group_id) values (1, 74,'soofpe','69','69','soofpe','soofpe','690',false,false,'soofpe')
insert into processor_task(version, id,id,task_type,task_trigger_type,script_code,run_condition,schedule_interval,publish_result,enabled,group_id) values (1, 75,'aruzusjas','87','87','aruzusjas','aruzusjas','868',false,false,'aruzusjas')
insert into processor_task(version, id,id,task_type,task_trigger_type,script_code,run_condition,schedule_interval,publish_result,enabled,group_id) values (1, 76,'ufeco','61','61','ufeco','ufeco','610',false,false,'ufeco')
insert into processor_task(version, id,id,task_type,task_trigger_type,script_code,run_condition,schedule_interval,publish_result,enabled,group_id) values (1, 77,'uneehi','66','66','uneehi','uneehi','655',false,false,'uneehi')
insert into processor_task(version, id,id,task_type,task_trigger_type,script_code,run_condition,schedule_interval,publish_result,enabled,group_id) values (1, 78,'hahinaba','95','95','hahinaba','hahinaba','948',false,false,'hahinaba')
insert into processor_task(version, id,id,task_type,task_trigger_type,script_code,run_condition,schedule_interval,publish_result,enabled,group_id) values (1, 79,'zun','12','12','zun','zun','114',true,true,'zun')
insert into processor_task(version, id,id,task_type,task_trigger_type,script_code,run_condition,schedule_interval,publish_result,enabled,group_id) values (1, 80,'jo','23','23','jo','jo','225',true,true,'jo')
insert into processor_task(version, id,id,task_type,task_trigger_type,script_code,run_condition,schedule_interval,publish_result,enabled,group_id) values (1, 81,'goltuefo','85','85','goltuefo','goltuefo','848',false,false,'goltuefo')
insert into processor_task(version, id,id,task_type,task_trigger_type,script_code,run_condition,schedule_interval,publish_result,enabled,group_id) values (1, 82,'lupuwuzo','94','94','lupuwuzo','lupuwuzo','931',false,false,'lupuwuzo')
insert into processor_task(version, id,id,task_type,task_trigger_type,script_code,run_condition,schedule_interval,publish_result,enabled,group_id) values (1, 83,'reduzris','97','97','reduzris','reduzris','961',false,false,'reduzris')
insert into processor_task(version, id,id,task_type,task_trigger_type,script_code,run_condition,schedule_interval,publish_result,enabled,group_id) values (1, 84,'pubsav','43','43','pubsav','pubsav','428',true,true,'pubsav')
insert into processor_task(version, id,id,task_type,task_trigger_type,script_code,run_condition,schedule_interval,publish_result,enabled,group_id) values (1, 85,'lullip','51','51','lullip','lullip','503',false,false,'lullip')
insert into processor_task(version, id,id,task_type,task_trigger_type,script_code,run_condition,schedule_interval,publish_result,enabled,group_id) values (1, 86,'aba','12','12','aba','aba','111',true,true,'aba')
insert into processor_task(version, id,id,task_type,task_trigger_type,script_code,run_condition,schedule_interval,publish_result,enabled,group_id) values (1, 87,'kettujwo','85','85','kettujwo','kettujwo','844',false,false,'kettujwo')
insert into processor_task(version, id,id,task_type,task_trigger_type,script_code,run_condition,schedule_interval,publish_result,enabled,group_id) values (1, 88,'ju','10','10','ju','ju','100',true,true,'ju')
insert into processor_task(version, id,id,task_type,task_trigger_type,script_code,run_condition,schedule_interval,publish_result,enabled,group_id) values (1, 89,'vioburez','79','79','vioburez','vioburez','782',false,false,'vioburez')
insert into processor_task(version, id,id,task_type,task_trigger_type,script_code,run_condition,schedule_interval,publish_result,enabled,group_id) values (1, 90,'ig','24','24','ig','ig','233',true,true,'ig')
insert into processor_task(version, id,id,task_type,task_trigger_type,script_code,run_condition,schedule_interval,publish_result,enabled,group_id) values (1, 91,'omu','22','22','omu','omu','219',true,true,'omu')
insert into processor_task(version, id,id,task_type,task_trigger_type,script_code,run_condition,schedule_interval,publish_result,enabled,group_id) values (1, 92,'luw','5','5','luw','luw','49',true,true,'luw')
insert into processor_task(version, id,id,task_type,task_trigger_type,script_code,run_condition,schedule_interval,publish_result,enabled,group_id) values (1, 93,'pi','16','16','pi','pi','154',true,true,'pi')
insert into processor_task(version, id,id,task_type,task_trigger_type,script_code,run_condition,schedule_interval,publish_result,enabled,group_id) values (1, 94,'zu','4','4','zu','zu','36',true,true,'zu')
insert into processor_task(version, id,id,task_type,task_trigger_type,script_code,run_condition,schedule_interval,publish_result,enabled,group_id) values (1, 95,'ag','11','11','ag','ag','104',true,true,'ag')
insert into processor_task(version, id,id,task_type,task_trigger_type,script_code,run_condition,schedule_interval,publish_result,enabled,group_id) values (1, 96,'fopav','34','34','fopav','fopav','335',true,true,'fopav')
insert into processor_task(version, id,id,task_type,task_trigger_type,script_code,run_condition,schedule_interval,publish_result,enabled,group_id) values (1, 97,'ji','2','2','ji','ji','14',true,true,'ji')
insert into processor_task(version, id,id,task_type,task_trigger_type,script_code,run_condition,schedule_interval,publish_result,enabled,group_id) values (1, 98,'lojet','37','37','lojet','lojet','361',true,true,'lojet')
insert into processor_task(version, id,id,task_type,task_trigger_type,script_code,run_condition,schedule_interval,publish_result,enabled,group_id) values (1, 99,'ukve','55','55','ukve','ukve','547',false,false,'ukve')
insert into processor_task(version, id,id,task_type,task_trigger_type,script_code,run_condition,schedule_interval,publish_result,enabled,group_id) values (1, 100,'viipo','53','53','viipo','viipo','527',false,false,'viipo')
insert into processor_variable(version, id,value) values (1, 1,'jigrormo')
insert into processor_variable(version, id,value) values (1, 2,'zun')
insert into processor_variable(version, id,value) values (1, 3,'capfad')
insert into processor_variable(version, id,value) values (1, 4,'dec')
insert into processor_variable(version, id,value) values (1, 5,'bivo')
insert into processor_variable(version, id,value) values (1, 6,'judbilo')
insert into processor_variable(version, id,value) values (1, 7,'joraf')
insert into processor_variable(version, id,value) values (1, 8,'kem')
insert into processor_variable(version, id,value) values (1, 9,'odeter')
insert into processor_variable(version, id,value) values (1, 10,'lisohuje')
insert into processor_variable(version, id,value) values (1, 11,'duod')
insert into processor_variable(version, id,value) values (1, 12,'nowufpus')
insert into processor_variable(version, id,value) values (1, 13,'kagu')
insert into processor_variable(version, id,value) values (1, 14,'fef')
insert into processor_variable(version, id,value) values (1, 15,'derwogi')
insert into processor_variable(version, id,value) values (1, 16,'wehovuce')
insert into processor_variable(version, id,value) values (1, 17,'zamum')
insert into processor_variable(version, id,value) values (1, 18,'dunebuh')
insert into processor_variable(version, id,value) values (1, 19,'repiwid')
insert into processor_variable(version, id,value) values (1, 20,'razuppa')
insert into processor_variable(version, id,value) values (1, 21,'kulmenim')
insert into processor_variable(version, id,value) values (1, 22,'ib')
insert into processor_variable(version, id,value) values (1, 23,'ba')
insert into processor_variable(version, id,value) values (1, 24,'tohhij')
insert into processor_variable(version, id,value) values (1, 25,'tuvo')
insert into processor_variable(version, id,value) values (1, 26,'foga')
insert into processor_variable(version, id,value) values (1, 27,'uswuzzub')
insert into processor_variable(version, id,value) values (1, 28,'hivwerip')
insert into processor_variable(version, id,value) values (1, 29,'gugusu')
insert into processor_variable(version, id,value) values (1, 30,'zedekak')
insert into processor_variable(version, id,value) values (1, 31,'ral')
insert into processor_variable(version, id,value) values (1, 32,'turuhu')
insert into processor_variable(version, id,value) values (1, 33,'omjo')
insert into processor_variable(version, id,value) values (1, 34,'rig')
insert into processor_variable(version, id,value) values (1, 35,'sicewap')
insert into processor_variable(version, id,value) values (1, 36,'fo')
insert into processor_variable(version, id,value) values (1, 37,'gegijap')
insert into processor_variable(version, id,value) values (1, 38,'kuvesa')
insert into processor_variable(version, id,value) values (1, 39,'lapahu')
insert into processor_variable(version, id,value) values (1, 40,'zev')
insert into processor_variable(version, id,value) values (1, 41,'nabeaga')
insert into processor_variable(version, id,value) values (1, 42,'kaot')
insert into processor_variable(version, id,value) values (1, 43,'tawuctuj')
insert into processor_variable(version, id,value) values (1, 44,'eh')
insert into processor_variable(version, id,value) values (1, 45,'fajjusuz')
insert into processor_variable(version, id,value) values (1, 46,'pave')
insert into processor_variable(version, id,value) values (1, 47,'ispaviw')
insert into processor_variable(version, id,value) values (1, 48,'ha')
insert into processor_variable(version, id,value) values (1, 49,'iliat')
insert into processor_variable(version, id,value) values (1, 50,'do')
insert into processor_variable(version, id,value) values (1, 51,'wi')
insert into processor_variable(version, id,value) values (1, 52,'iwage')
insert into processor_variable(version, id,value) values (1, 53,'joopoju')
insert into processor_variable(version, id,value) values (1, 54,'gojawu')
insert into processor_variable(version, id,value) values (1, 55,'afigoh')
insert into processor_variable(version, id,value) values (1, 56,'benom')
insert into processor_variable(version, id,value) values (1, 57,'jevakbe')
insert into processor_variable(version, id,value) values (1, 58,'darhow')
insert into processor_variable(version, id,value) values (1, 59,'dupid')
insert into processor_variable(version, id,value) values (1, 60,'comouc')
insert into processor_variable(version, id,value) values (1, 61,'igunisi')
insert into processor_variable(version, id,value) values (1, 62,'pe')
insert into processor_variable(version, id,value) values (1, 63,'puk')
insert into processor_variable(version, id,value) values (1, 64,'vegub')
insert into processor_variable(version, id,value) values (1, 65,'rucwi')
insert into processor_variable(version, id,value) values (1, 66,'agijit')
insert into processor_variable(version, id,value) values (1, 67,'loolu')
insert into processor_variable(version, id,value) values (1, 68,'tupwovali')
insert into processor_variable(version, id,value) values (1, 69,'hidge')
insert into processor_variable(version, id,value) values (1, 70,'liowci')
insert into processor_variable(version, id,value) values (1, 71,'vesa')
insert into processor_variable(version, id,value) values (1, 72,'wupikdoh')
insert into processor_variable(version, id,value) values (1, 73,'dajsiphaj')
insert into processor_variable(version, id,value) values (1, 74,'soofpe')
insert into processor_variable(version, id,value) values (1, 75,'aruzusjas')
insert into processor_variable(version, id,value) values (1, 76,'ufeco')
insert into processor_variable(version, id,value) values (1, 77,'uneehi')
insert into processor_variable(version, id,value) values (1, 78,'hahinaba')
insert into processor_variable(version, id,value) values (1, 79,'zun')
insert into processor_variable(version, id,value) values (1, 80,'jo')
insert into processor_variable(version, id,value) values (1, 81,'goltuefo')
insert into processor_variable(version, id,value) values (1, 82,'lupuwuzo')
insert into processor_variable(version, id,value) values (1, 83,'reduzris')
insert into processor_variable(version, id,value) values (1, 84,'pubsav')
insert into processor_variable(version, id,value) values (1, 85,'lullip')
insert into processor_variable(version, id,value) values (1, 86,'aba')
insert into processor_variable(version, id,value) values (1, 87,'kettujwo')
insert into processor_variable(version, id,value) values (1, 88,'ju')
insert into processor_variable(version, id,value) values (1, 89,'vioburez')
insert into processor_variable(version, id,value) values (1, 90,'ig')
insert into processor_variable(version, id,value) values (1, 91,'omu')
insert into processor_variable(version, id,value) values (1, 92,'luw')
insert into processor_variable(version, id,value) values (1, 93,'pi')
insert into processor_variable(version, id,value) values (1, 94,'zu')
insert into processor_variable(version, id,value) values (1, 95,'ag')
insert into processor_variable(version, id,value) values (1, 96,'fopav')
insert into processor_variable(version, id,value) values (1, 97,'ji')
insert into processor_variable(version, id,value) values (1, 98,'lojet')
insert into processor_variable(version, id,value) values (1, 99,'ukve')
insert into processor_variable(version, id,value) values (1, 100,'viipo')
insert into audio_playback_source(version, id,name,source_url,image_icon) values (1, 1,'jigrormo','jigrormo','https://images.unsplash.com/photo-1568967729548-e3dbad3d37e0?w=300')
insert into audio_playback_source(version, id,name,source_url,image_icon) values (1, 2,'zun','zun','https://images.unsplash.com/photo-1563389494934-2af35e3b5844?w=300')
insert into audio_playback_source(version, id,name,source_url,image_icon) values (1, 3,'capfad','capfad','https://images.unsplash.com/photo-1541112324160-e8a425b58dac?w=300')
insert into audio_playback_source(version, id,name,source_url,image_icon) values (1, 4,'dec','dec','https://images.unsplash.com/photo-1542513217-0b0eedf7005d?w=300')
insert into audio_playback_source(version, id,name,source_url,image_icon) values (1, 5,'bivo','bivo','https://images.unsplash.com/photo-1552058544-f2b08422138a?w=300')
insert into audio_playback_source(version, id,name,source_url,image_icon) values (1, 6,'judbilo','judbilo','https://images.unsplash.com/photo-1578923813875-bf8b98f36b0f?w=300')
insert into audio_playback_source(version, id,name,source_url,image_icon) values (1, 7,'joraf','joraf','https://images.unsplash.com/photo-1507003211169-0a1dd7228f2d?w=300')
insert into audio_playback_source(version, id,name,source_url,image_icon) values (1, 8,'kem','kem','https://images.unsplash.com/photo-1545912453-db258ca9b7b7?w=300')
insert into audio_playback_source(version, id,name,source_url,image_icon) values (1, 9,'odeter','odeter','https://images.unsplash.com/photo-1545912453-db258ca9b7b7?w=300')
insert into audio_playback_source(version, id,name,source_url,image_icon) values (1, 10,'lisohuje','lisohuje','https://images.unsplash.com/photo-1554151228-14d9def656e4?w=300')
insert into audio_playback_source(version, id,name,source_url,image_icon) values (1, 11,'duod','duod','https://images.unsplash.com/photo-1578611097442-e2e8a1e98c6a?w=300')
insert into audio_playback_source(version, id,name,source_url,image_icon) values (1, 12,'nowufpus','nowufpus','https://images.unsplash.com/photo-1575779977884-f1069c45cbf4?w=300')
insert into audio_playback_source(version, id,name,source_url,image_icon) values (1, 13,'kagu','kagu','https://images.unsplash.com/photo-1575779977884-f1069c45cbf4?w=300')
insert into audio_playback_source(version, id,name,source_url,image_icon) values (1, 14,'fef','fef','https://images.unsplash.com/photo-1502768040783-423da5fd5fa0?w=300')
insert into audio_playback_source(version, id,name,source_url,image_icon) values (1, 15,'derwogi','derwogi','https://images.unsplash.com/photo-1566411520896-01e7ca4726af?w=300')
insert into audio_playback_source(version, id,name,source_url,image_icon) values (1, 16,'wehovuce','wehovuce','https://images.unsplash.com/photo-1578611097442-e2e8a1e98c6a?w=300')
insert into audio_playback_source(version, id,name,source_url,image_icon) values (1, 17,'zamum','zamum','https://images.unsplash.com/photo-1535485156230-020016c5b156?w=300')
insert into audio_playback_source(version, id,name,source_url,image_icon) values (1, 18,'dunebuh','dunebuh','https://images.unsplash.com/photo-1548946526-f69e2424cf45?w=300')
insert into audio_playback_source(version, id,name,source_url,image_icon) values (1, 19,'repiwid','repiwid','https://images.unsplash.com/photo-1559750965-99605627de70?w=300')
insert into audio_playback_source(version, id,name,source_url,image_icon) values (1, 20,'razuppa','razuppa','https://images.unsplash.com/photo-1566411520896-01e7ca4726af?w=300')
insert into audio_playback_source(version, id,name,source_url,image_icon) values (1, 21,'kulmenim','kulmenim','https://images.unsplash.com/photo-1547147607-6eab7b49f3ee?w=300')
insert into audio_playback_source(version, id,name,source_url,image_icon) values (1, 22,'ib','ib','https://images.unsplash.com/photo-1535485156230-020016c5b156?w=300')
insert into audio_playback_source(version, id,name,source_url,image_icon) values (1, 23,'ba','ba','https://images.unsplash.com/photo-1502768040783-423da5fd5fa0?w=300')
insert into audio_playback_source(version, id,name,source_url,image_icon) values (1, 24,'tohhij','tohhij','https://images.unsplash.com/photo-1578611097442-e2e8a1e98c6a?w=300')
insert into audio_playback_source(version, id,name,source_url,image_icon) values (1, 25,'tuvo','tuvo','https://images.unsplash.com/photo-1535485156230-020016c5b156?w=300')
insert into audio_playback_source(version, id,name,source_url,image_icon) values (1, 26,'foga','foga','https://images.unsplash.com/photo-1547147607-6eab7b49f3ee?w=300')
insert into audio_playback_source(version, id,name,source_url,image_icon) values (1, 27,'uswuzzub','uswuzzub','https://images.unsplash.com/photo-1548946526-f69e2424cf45?w=300')
insert into audio_playback_source(version, id,name,source_url,image_icon) values (1, 28,'hivwerip','hivwerip','https://images.unsplash.com/photo-1566411520896-01e7ca4726af?w=300')
insert into audio_playback_source(version, id,name,source_url,image_icon) values (1, 29,'gugusu','gugusu','https://images.unsplash.com/photo-1547147607-6eab7b49f3ee?w=300')
insert into audio_playback_source(version, id,name,source_url,image_icon) values (1, 30,'zedekak','zedekak','https://images.unsplash.com/photo-1541271696563-3be2f555fc4e?w=300')
insert into audio_playback_source(version, id,name,source_url,image_icon) values (1, 31,'ral','ral','https://images.unsplash.com/photo-1575632312417-71da8ed4992d?w=300')
insert into audio_playback_source(version, id,name,source_url,image_icon) values (1, 32,'turuhu','turuhu','https://images.unsplash.com/photo-1559750965-99605627de70?w=300')
insert into audio_playback_source(version, id,name,source_url,image_icon) values (1, 33,'omjo','omjo','https://images.unsplash.com/photo-1541271696563-3be2f555fc4e?w=300')
insert into audio_playback_source(version, id,name,source_url,image_icon) values (1, 34,'rig','rig','https://images.unsplash.com/photo-1544348817-5f2cf14b88c8?w=300')
insert into audio_playback_source(version, id,name,source_url,image_icon) values (1, 35,'sicewap','sicewap','https://images.unsplash.com/photo-1546672741-d327539d5f13?w=300')
insert into audio_playback_source(version, id,name,source_url,image_icon) values (1, 36,'fo','fo','https://images.unsplash.com/photo-1560787313-5dff3307e257?w=300')
insert into audio_playback_source(version, id,name,source_url,image_icon) values (1, 37,'gegijap','gegijap','https://images.unsplash.com/photo-1560787313-5dff3307e257?w=300')
insert into audio_playback_source(version, id,name,source_url,image_icon) values (1, 38,'kuvesa','kuvesa','https://images.unsplash.com/photo-1529218164294-0d21b06ea831?w=300')
insert into audio_playback_source(version, id,name,source_url,image_icon) values (1, 39,'lapahu','lapahu','https://images.unsplash.com/photo-1552072805-2a9039d00e57?w=300')
insert into audio_playback_source(version, id,name,source_url,image_icon) values (1, 40,'zev','zev','https://images.unsplash.com/photo-1571816119553-df62a2eedf56?w=300')
insert into audio_playback_source(version, id,name,source_url,image_icon) values (1, 41,'nabeaga','nabeaga','https://images.unsplash.com/photo-1529218164294-0d21b06ea831?w=300')
insert into audio_playback_source(version, id,name,source_url,image_icon) values (1, 42,'kaot','kaot','https://images.unsplash.com/photo-1508186225823-0963cf9ab0de?w=300')
insert into audio_playback_source(version, id,name,source_url,image_icon) values (1, 43,'tawuctuj','tawuctuj','https://images.unsplash.com/photo-1542206395-9feb3edaa68d?w=300')
insert into audio_playback_source(version, id,name,source_url,image_icon) values (1, 44,'eh','eh','https://images.unsplash.com/photo-1548535537-3cfaf1fc327c?w=300')
insert into audio_playback_source(version, id,name,source_url,image_icon) values (1, 45,'fajjusuz','fajjusuz','https://images.unsplash.com/photo-1508186225823-0963cf9ab0de?w=300')
insert into audio_playback_source(version, id,name,source_url,image_icon) values (1, 46,'pave','pave','https://images.unsplash.com/photo-1548197001-ca380947be91?w=300')
insert into audio_playback_source(version, id,name,source_url,image_icon) values (1, 47,'ispaviw','ispaviw','https://images.unsplash.com/photo-1511485977113-f34c92461ad9?w=300')
insert into audio_playback_source(version, id,name,source_url,image_icon) values (1, 48,'ha','ha','https://images.unsplash.com/photo-1575178573626-b9dac45921df?w=300')
insert into audio_playback_source(version, id,name,source_url,image_icon) values (1, 49,'iliat','iliat','https://images.unsplash.com/photo-1548197001-ca380947be91?w=300')
insert into audio_playback_source(version, id,name,source_url,image_icon) values (1, 50,'do','do','https://images.unsplash.com/photo-1548579143-4880bc8a3c08?w=300')
insert into audio_playback_source(version, id,name,source_url,image_icon) values (1, 51,'wi','wi','https://images.unsplash.com/photo-1547624643-3bf761b09502?w=300')
insert into audio_playback_source(version, id,name,source_url,image_icon) values (1, 52,'iwage','iwage','https://images.unsplash.com/photo-1584361853901-dd1904bb7987?w=300')
insert into audio_playback_source(version, id,name,source_url,image_icon) values (1, 53,'joopoju','joopoju','https://images.unsplash.com/photo-1548579143-4880bc8a3c08?w=300')
insert into audio_playback_source(version, id,name,source_url,image_icon) values (1, 54,'gojawu','gojawu','https://images.unsplash.com/photo-1575632312417-71da8ed4992d?w=300')
insert into audio_playback_source(version, id,name,source_url,image_icon) values (1, 55,'afigoh','afigoh','https://images.unsplash.com/photo-1560787313-5dff3307e257?w=300')
insert into audio_playback_source(version, id,name,source_url,image_icon) values (1, 56,'benom','benom','https://images.unsplash.com/photo-1559750965-99605627de70?w=300')
insert into audio_playback_source(version, id,name,source_url,image_icon) values (1, 57,'jevakbe','jevakbe','https://images.unsplash.com/photo-1541271696563-3be2f555fc4e?w=300')
insert into audio_playback_source(version, id,name,source_url,image_icon) values (1, 58,'darhow','darhow','https://images.unsplash.com/photo-1541710430735-5fca14c95b00?w=300')
insert into audio_playback_source(version, id,name,source_url,image_icon) values (1, 59,'dupid','dupid','https://images.unsplash.com/photo-1541710430735-5fca14c95b00?w=300')
insert into audio_playback_source(version, id,name,source_url,image_icon) values (1, 60,'comouc','comouc','https://images.unsplash.com/photo-1560787313-5dff3307e257?w=300')
insert into audio_playback_source(version, id,name,source_url,image_icon) values (1, 61,'igunisi','igunisi','https://images.unsplash.com/photo-1544348817-5f2cf14b88c8?w=300')
insert into audio_playback_source(version, id,name,source_url,image_icon) values (1, 62,'pe','pe','https://images.unsplash.com/photo-1549351512-c5e12b11e283?w=300')
insert into audio_playback_source(version, id,name,source_url,image_icon) values (1, 63,'puk','puk','https://images.unsplash.com/photo-1549351512-c5e12b11e283?w=300')
insert into audio_playback_source(version, id,name,source_url,image_icon) values (1, 64,'vegub','vegub','https://images.unsplash.com/photo-1548946526-f69e2424cf45?w=300')
insert into audio_playback_source(version, id,name,source_url,image_icon) values (1, 65,'rucwi','rucwi','https://images.unsplash.com/photo-1584361853901-dd1904bb7987?w=300')
insert into audio_playback_source(version, id,name,source_url,image_icon) values (1, 66,'agijit','agijit','https://images.unsplash.com/photo-1541112324160-e8a425b58dac?w=300')
insert into audio_playback_source(version, id,name,source_url,image_icon) values (1, 67,'loolu','loolu','https://images.unsplash.com/photo-1541112324160-e8a425b58dac?w=300')
insert into audio_playback_source(version, id,name,source_url,image_icon) values (1, 68,'tupwovali','tupwovali','https://images.unsplash.com/photo-1542534759-05f6c34a9e63?w=300')
insert into audio_playback_source(version, id,name,source_url,image_icon) values (1, 69,'hidge','hidge','https://images.unsplash.com/photo-1549068106-b024baf5062d?w=300')
insert into audio_playback_source(version, id,name,source_url,image_icon) values (1, 70,'liowci','liowci','https://images.unsplash.com/photo-1511485977113-f34c92461ad9?w=300')
insert into audio_playback_source(version, id,name,source_url,image_icon) values (1, 71,'vesa','vesa','https://images.unsplash.com/photo-1584361853901-dd1904bb7987?w=300')
insert into audio_playback_source(version, id,name,source_url,image_icon) values (1, 72,'wupikdoh','wupikdoh','https://images.unsplash.com/photo-1575178573626-b9dac45921df?w=300')
insert into audio_playback_source(version, id,name,source_url,image_icon) values (1, 73,'dajsiphaj','dajsiphaj','https://images.unsplash.com/photo-1548197001-ca380947be91?w=300')
insert into audio_playback_source(version, id,name,source_url,image_icon) values (1, 74,'soofpe','soofpe','https://images.unsplash.com/photo-1547624643-3bf761b09502?w=300')
insert into audio_playback_source(version, id,name,source_url,image_icon) values (1, 75,'aruzusjas','aruzusjas','https://images.unsplash.com/photo-1568967729548-e3dbad3d37e0?w=300')
insert into audio_playback_source(version, id,name,source_url,image_icon) values (1, 76,'ufeco','ufeco','https://images.unsplash.com/photo-1584361853901-dd1904bb7987?w=300')
insert into audio_playback_source(version, id,name,source_url,image_icon) values (1, 77,'uneehi','uneehi','https://images.unsplash.com/photo-1548579143-4880bc8a3c08?w=300')
insert into audio_playback_source(version, id,name,source_url,image_icon) values (1, 78,'hahinaba','hahinaba','https://images.unsplash.com/photo-1542513217-0b0eedf7005d?w=300')
insert into audio_playback_source(version, id,name,source_url,image_icon) values (1, 79,'zun','zun','https://images.unsplash.com/photo-1542513217-0b0eedf7005d?w=300')
insert into audio_playback_source(version, id,name,source_url,image_icon) values (1, 80,'jo','jo','https://images.unsplash.com/photo-1568967729548-e3dbad3d37e0?w=300')
insert into audio_playback_source(version, id,name,source_url,image_icon) values (1, 81,'goltuefo','goltuefo','https://images.unsplash.com/photo-1552058544-f2b08422138a?w=300')
insert into audio_playback_source(version, id,name,source_url,image_icon) values (1, 82,'lupuwuzo','lupuwuzo','https://images.unsplash.com/photo-1541112324160-e8a425b58dac?w=300')
insert into audio_playback_source(version, id,name,source_url,image_icon) values (1, 83,'reduzris','reduzris','https://images.unsplash.com/photo-1541112324160-e8a425b58dac?w=300')
insert into audio_playback_source(version, id,name,source_url,image_icon) values (1, 84,'pubsav','pubsav','https://images.unsplash.com/photo-1552058544-f2b08422138a?w=300')
insert into audio_playback_source(version, id,name,source_url,image_icon) values (1, 85,'lullip','lullip','https://images.unsplash.com/photo-1563389494934-2af35e3b5844?w=300')
insert into audio_playback_source(version, id,name,source_url,image_icon) values (1, 86,'aba','aba','https://images.unsplash.com/photo-1549351512-c5e12b11e283?w=300')
insert into audio_playback_source(version, id,name,source_url,image_icon) values (1, 87,'kettujwo','kettujwo','https://images.unsplash.com/photo-1542534759-05f6c34a9e63?w=300')
insert into audio_playback_source(version, id,name,source_url,image_icon) values (1, 88,'ju','ju','https://images.unsplash.com/photo-1568967729548-e3dbad3d37e0?w=300')
insert into audio_playback_source(version, id,name,source_url,image_icon) values (1, 89,'vioburez','vioburez','https://images.unsplash.com/photo-1584361853901-dd1904bb7987?w=300')
insert into audio_playback_source(version, id,name,source_url,image_icon) values (1, 90,'ig','ig','https://images.unsplash.com/photo-1541112324160-e8a425b58dac?w=300')
insert into audio_playback_source(version, id,name,source_url,image_icon) values (1, 91,'omu','omu','https://images.unsplash.com/photo-1571816119553-df62a2eedf56?w=300')
insert into audio_playback_source(version, id,name,source_url,image_icon) values (1, 92,'luw','luw','https://images.unsplash.com/photo-1549068106-b024baf5062d?w=300')
insert into audio_playback_source(version, id,name,source_url,image_icon) values (1, 93,'pi','pi','https://images.unsplash.com/photo-1549068106-b024baf5062d?w=300')
insert into audio_playback_source(version, id,name,source_url,image_icon) values (1, 94,'zu','zu','https://images.unsplash.com/photo-1552072805-2a9039d00e57?w=300')
insert into audio_playback_source(version, id,name,source_url,image_icon) values (1, 95,'ag','ag','https://images.unsplash.com/photo-1548535537-3cfaf1fc327c?w=300')
insert into audio_playback_source(version, id,name,source_url,image_icon) values (1, 96,'fopav','fopav','https://images.unsplash.com/photo-1529218164294-0d21b06ea831?w=300')
insert into audio_playback_source(version, id,name,source_url,image_icon) values (1, 97,'ji','ji','https://images.unsplash.com/photo-1529218164294-0d21b06ea831?w=300')
insert into audio_playback_source(version, id,name,source_url,image_icon) values (1, 98,'lojet','lojet','https://images.unsplash.com/photo-1542206395-9feb3edaa68d?w=300')
insert into audio_playback_source(version, id,name,source_url,image_icon) values (1, 99,'ukve','ukve','https://images.unsplash.com/photo-1575178573626-b9dac45921df?w=300')
insert into audio_playback_source(version, id,name,source_url,image_icon) values (1, 100,'viipo','viipo','https://images.unsplash.com/photo-1508186225823-0963cf9ab0de?w=300')
